BICUBIC, CSCN, DRCN, E-Net, HR, LapSRN, SelfExSR, SRCNN, SRGAN, SRResNet-MSE, srresnet, swt, VDSR, 
30.0493540, 32.6427342, 33.4475111, 33.9237918, inf, 33.4436777, 32.5617157, 31.7376235, 31.7995590, 34.7239213, 34.1876462, 34.6226959, 33.2476270, 
0.8723446, 0.9184391, 0.9301735, 0.9360434, 1.0000000, 0.9301919, 0.9207206, 0.9007887, 0.9006288, 0.9445890, 0.9394688, 0.9434624, 0.9271200, 