bicubic, DRCN, E-Net, HR, LapSRN, ScSR, SelfExSR, SRCNN, SRResnet, swt, VDSR, 
22.1193846, 23.8157373, 24.6960205, inf, 24.0190626, 22.9699763, 23.2765651, 23.1806834, 24.2456025, 24.3450186, 23.9662819, 
0.5988954, 0.6896364, 0.7360617, 1.0000000, 0.7030873, 0.6480151, 0.6690868, 0.6535862, 0.7266984, 0.7252658, 0.6984641, 