swt, SRResNet-MSE, 
22.4275162, 22.8071521, 
0.5383116, 0.5290875, 