SRResNet-MSE, SRResNet-VGG22, swt, 
32.9877402, 30.5989399, 32.4908121, 
0.7978835, 0.7448584, 0.7960780, 