bicubic, HR, ScSR, SelfExSR, SRCNN, srresnet, swt, 
26.3939471, 45.5667416, 27.0458780, 28.8390828, 28.0582728, 30.1079538, 30.0039003, 