CSCN, DRCN, E-Net, HR, LapSRN, ScSR, set-alpha5, SRGAN-MSE, SRGAN, SRResNet-MSE, swt, VDSR, BICUBIC, SelfExSR, SRCNN, SRResnet, 
25.9880932, 27.2343981, 27.7495023, inf, 27.0126803, 22.8313314, 20.7258125, 27.0006089, 25.6857042, 28.1707419, 28.2196234, 27.0531049, 22.1443631, 24.0973687, 24.9833035, 28.0815533, 
0.8768114, 0.9042070, 0.9091618, 1.0000000, 0.9023403, 0.7559501, 0.7997969, 0.8968057, 0.8588142, 0.9174944, 0.9200516, 0.9015671, 0.7340923, 0.8321937, 0.8366833, 0.9129441, 