bicubic, HR, ScSR, SelfExSR, SRCNN, SRResNet-MSE, srresnet, swt, 
26.4453353, inf, 27.1059625, 28.9314411, 28.1350847, 30.2586682, 30.2324442, 30.1255837, 
0.8318709, 1.0000000, 0.8467198, 0.8900975, 0.8710686, 0.9120326, 0.9102326, 0.9152476, 