E-NET, bicubic, CSCN, DRCN, HR, LapSRN, ScSR, SelfExSR, SRCNN, SRResNet-MSE, SRResnet, swt, VDSR, 
33.5868877, 31.8388211, 33.2729521, 33.4553239, inf, 33.5896883, 32.4983159, 33.1571229, 33.0046347, 33.7026291, 33.4949909, 33.6880816, 33.4553239, 
0.8913525, 0.8584667, 0.8863033, 0.8891175, 1.0000000, 0.8908927, 0.8718807, 0.8843764, 0.8783132, 0.8931280, 0.8889740, 0.8931214, 0.8891175, 